[{"description": "", "codelist_type": "Results", "periods": ["FY20"], "full_name": "MER Results: Community Based", "dataset_id": "qzVASYuaIey", "id": "MER-R-COMMUNITY-BASED", "name": "MER R: Community Based"}, {"description": "", "codelist_type": "Results", "periods": ["FY20"], "full_name": "MER Results: Community Based - DoD ONLY", "dataset_id": "BPEyzcDb8fT", "id": "MER-R-COMMUNITY-BASED-DOD-ONLY", "name": "MER R: Community Based - DoD ONLY"}, {"description": "", "codelist_type": "Results", "periods": ["FY20"], "full_name": "MER Results: Facility Based", "dataset_id": "jKdHXpBfWop", "id": "MER-R-FACILITY-BASED", "name": "MER R: Facility Based"}, {"description": "", "codelist_type": "Results", "periods": ["FY20"], "full_name": "MER Results: Facility Based - DoD ONLY", "dataset_id": "em1U5x9hhXh", "id": "MER-R-FACILITY-BASED-DOD-ONLY", "name": "MER R: Facility Based - DoD ONLY"}, {"description": "", "codelist_type": "Results", "periods": ["FY20"], "full_name": "MER Results: Operating Unit Level (IM)", "dataset_id": "biO64JF8Ait", "id": "MER-R-OPERATING-UNIT-LEVEL-IM", "name": "MER R: Operating Unit Level (IM)"}, {"description": "", "codelist_type": "Results", "periods": ["FY20"], "full_name": "MER Results: Narratives (IM)", "dataset_id": "x5lMwEHWSds", "id": "MER-R-NARRATIVES-IM", "name": "MER R: Narratives (IM)"}, {"description": "", "codelist_type": "Results", "periods": ["FY20"], "full_name": "Host Country Results: Narratives (USG)", "dataset_id": "wkdCW3M4zYT", "id": "HC-R-NARRATIVES-USG", "name": "HC R: Narratives (USG)"}, {"description": "", "codelist_type": "Results", "periods": ["FY20"], "full_name": "Host Country Results: Operating Unit Level (USG)", "dataset_id": "aUmlPChIptc", "id": "HC-R-OPERATING-UNIT-LEVEL-USG", "name": "HC R: Operating Unit Level (USG)"}, {"description": "", "codelist_type": "Results", "periods": ["FY20"], "full_name": "Host Country Results: COP Prioritization SNU (USG)", "dataset_id": "ctKXzmv2CVu", "id": "HC-R-COP-PRIORITIZATION-SNU-USG", "name": "HC R: COP Prioritization SNU (USG)"}, {"description": "", "codelist_type": "Results", "periods": ["FY20"], "full_name": "Host Country Results: Facility (USG)", "dataset_id": "OXs3gB3RqtO", "id": "HC-R-FACILITY-USG", "name": "HC R: Facility (USG)"}, {"description": "", "codelist_type": "Results", "periods": ["FY20"], "full_name": "Host Country Results: DREAMS (USG)", "dataset_id": "mbdbMiLZ4AA", "id": "HC-R-COMMUNITY-USG", "name": "HC R: Community (USG)"}, {"description": "", "codelist_type": "Target", "periods": ["FY20"], "full_name": "MER Targets: Narratives (IM)", "dataset_id": "OzNbT46cSnx", "id": "MER-T-NARRATIVES-IM", "name": "MER T: Narratives (IM)"}, {"description": "", "codelist_type": "Target", "periods": ["FY20"], "full_name": "MER Target Setting: PSNU (Facility and Community Combined)", "dataset_id": "Pmc0yYAIi1t", "id": "MER-T-PSNU", "name": "MER T: PSNU"}, {"description": "", "codelist_type": "Target", "periods": ["FY20"], "full_name": "MER Target Setting: PSNU (Facility and Community Combined) - DoD ONLY", "dataset_id": "s1sxJuqXsvV", "id": "MER-T-PSNU-DOD-ONLY", "name": "MER T: PSNU - DoD Only"}, {"description": "", "codelist_type": "Target", "periods": ["FY20"], "full_name": "Host Country Targets: Narratives (USG)", "dataset_id": "J6Bdw3JFQ6t", "id": "HC-T-NARRATIVES-USG", "name": "HC T: Narratives (USG)"}, {"description": "", "codelist_type": "Target", "periods": ["FY20"], "full_name": "Host Country Targets: Operating Unit Level (USG)", "dataset_id": "i1ajYm6k2yL", "id": "HC-T-OPERATING-UNIT-LEVEL-USG", "name": "HC T: Operating Unit Level (USG)"}, {"description": "", "codelist_type": "Target", "periods": ["FY20"], "full_name": "Host Country Targets: COP Prioritization SNU (USG)", "dataset_id": "j7jzezIhgPj", "id": "HC-T-COP-PRIORITIZATION-SNU-USG", "name": "HC T: COP Prioritization SNU (USG)"}, {"description": "", "codelist_type": "Results", "periods": ["FY19"], "full_name": "MER Results: Community Based FY2019Q4", "dataset_id": "zUoy5hk8r0q", "id": "MER-R-COMMUNITY-BASED-FY2019Q4", "name": "MER R: Community Based FY2019Q4"}, {"description": "", "codelist_type": "Results", "periods": ["FY19"], "full_name": "MER Results: Community Based - DoD ONLY FY2019Q4", "dataset_id": "PyD4x9oFwxJ", "id": "MER-R-COMMUNITY-BASED-DOD-ONLY-FY2019Q4", "name": "MER R: Community Based - DoD ONLY FY2019Q4"}, {"description": "", "codelist_type": "Results", "periods": ["FY19"], "full_name": "MER Results: Facility Based FY2019Q4", "dataset_id": "KWRj80vEfHU", "id": "MER-R-FACILITY-BASED-FY2019Q4", "name": "MER R: Facility Based FY2019Q4"}, {"description": "", "codelist_type": "Results", "periods": ["FY19"], "full_name": "MER Results: Facility Based - DoD ONLY FY2019Q4", "dataset_id": "fi9yMqWLWVy", "id": "MER-R-FACILITY-BASED-DOD-ONLY-FY2019Q4", "name": "MER R: Facility Based - DoD ONLY FY2019Q4"}, {"description": "", "codelist_type": "Results", "periods": ["FY18", "FY19"], "full_name": "MER Results: Medical Store FY2019Q4", "dataset_id": "IZ71Y2mEBJF", "id": "MER-R-MEDICAL-STORE-FY2019Q4", "name": "MER R: Medical Store FY2019Q4"}, {"description": "", "codelist_type": "Results", "periods": ["FY19"], "full_name": "MER Results: Operating Unit Level (IM) FY2019Q4", "dataset_id": "ndp6aR3e1X3", "id": "MER-R-OPERATING-UNIT-LEVEL-IM-FY2019Q4", "name": "MER R: Operating Unit Level (IM) FY2019Q4"}, {"description": "", "codelist_type": "Results", "periods": ["FY19"], "full_name": "MER Results: Narratives (IM) FY2019Q4", "dataset_id": "pnlFw2gDGHD", "id": "MER-R-NARRATIVES-IM-FY2019Q4", "name": "MER R: Narratives (IM) FY2019Q4"}, {"description": "", "codelist_type": "Results", "periods": ["FY19"], "full_name": "Host Country Results: Narratives (USG) FY2019Q4", "dataset_id": "gc4KOv8kGlI", "id": "HC-R-NARRATIVES-USG-FY2019Q4", "name": "HC R: Narratives (USG) FY2019Q4"}, {"description": "", "codelist_type": "Results", "periods": ["FY19"], "full_name": "Host Country Results: Operating Unit Level (USG) FY2019Q4", "dataset_id": "FsYxodZiXyH", "id": "HC-R-OPERATING-UNIT-LEVEL-USG-FY2019Q4", "name": "HC R: Operating Unit Level (USG) FY2019Q4"}, {"description": "", "codelist_type": "Results", "periods": ["FY19"], "full_name": "Host Country Results: COP Prioritization SNU (USG) FY2019Q4", "dataset_id": "iJ4d5HdGiqG", "id": "HC-R-COP-PRIORITIZATION-SNU-USG-FY2019Q4", "name": "HC R: COP Prioritization SNU (USG) FY2019Q4"}, {"description": "", "codelist_type": "Results", "periods": ["FY19"], "full_name": "Host Country Results: Facility (USG) FY2019Q4", "dataset_id": "GiqB9vjbdwb", "id": "HC-R-FACILITY-USG-FY2019Q4", "name": "HC R: Facility (USG) FY2019Q4"}, {"description": "", "codelist_type": "Results", "periods": ["FY19"], "full_name": "Host Country Results: DREAMS (USG) FY2019Q4", "dataset_id": "EbZrNIkuPtc", "id": "HC-R-COMMUNITY-USG-FY2019Q4", "name": "HC R: Community (USG) FY2019Q4"}, {"description": "", "codelist_type": "Target", "periods": ["FY19"], "full_name": "MER Targets: Community Based FY2020", "dataset_id": "nIHNMxuPUOR", "id": "MER-T-COMMUNITY-BASED-FY2020", "name": "MER T: Community Based FY2020"}, {"description": "", "codelist_type": "Target", "periods": ["FY19"], "full_name": "MER Targets: Community Based - DoD ONLY FY2020", "dataset_id": "C2G7IyPPrvD", "id": "MER-T-COMMUNITY-BASED-DOD-ONLY-FY2020", "name": "MER T: Community Based - DoD ONLY FY2020"}, {"description": "", "codelist_type": "Target", "periods": ["FY19"], "full_name": "MER Targets: Facility Based FY2020", "dataset_id": "sBv1dj90IX6", "id": "MER-T-FACILITY-BASED-FY2020", "name": "MER T: Facility Based FY2020"}, {"description": "", "codelist_type": "Target", "periods": ["FY19"], "full_name": "MER Targets: Facility Based - DoD ONLY FY2020", "dataset_id": "HiJieecLXxN", "id": "MER-T-FACILITY-BASED-DOD-ONLY-FY2020", "name": "MER T: Facility Based - DoD ONLY FY2020"}, {"description": "", "codelist_type": "Target", "periods": ["FY19"], "full_name": "MER Targets: Narratives (IM) FY2020", "dataset_id": "dNGGlQyiq9b", "id": "MER-T-NARRATIVES-IM-FY2020", "name": "MER T: Narratives (IM) FY2020"}, {"description": "", "codelist_type": "Target", "periods": ["FY19"], "full_name": "Host Country Targets: Narratives (USG) FY2020", "dataset_id": "tTK9BhvS5t3", "id": "HC-T-NARRATIVES-USG-FY2020", "name": "HC T: Narratives (USG) FY2020"}, {"description": "", "codelist_type": "Target", "periods": ["FY19"], "full_name": "Host Country Targets: Operating Unit Level (USG) FY2020", "dataset_id": "PH3bllbLw8W", "id": "HC-T-OPERATING-UNIT-LEVEL-USG-FY2020", "name": "HC T: Operating Unit Level (USG) FY2020"}, {"description": "", "codelist_type": "Target", "periods": ["FY19"], "full_name": "Host Country Targets: COP Prioritization SNU (USG) FY2020", "dataset_id": "N4X89PgW01w", "id": "HC-T-COP-PRIORITIZATION-SNU-USG-FY2020", "name": "HC T: COP Prioritization SNU (USG) FY2020"}, {"description": "", "codelist_type": "Results", "periods": ["FY18"], "full_name": "MER Results: Community Based FY2018Q4", "dataset_id": "WbszaIdCi92", "id": "MER-R-COMMUNITY-BASED-FY2018Q4", "name": "MER R: Community Based FY2018Q4"}, {"description": "", "codelist_type": "Results", "periods": ["FY18"], "full_name": "MER Results: Community Based - DoD ONLY FY2018Q4", "dataset_id": "uN01TT331OP", "id": "MER-R-COMMUNITY-BASED-DOD-ONLY-FY2018Q4", "name": "MER R: Community Based - DoD ONLY FY2018Q4"}, {"description": "", "codelist_type": "Results", "periods": ["FY18"], "full_name": "MER Results: Facility Based FY2018Q4", "dataset_id": "tz1bQ3ZwUKJ", "id": "MER-R-FACILITY-BASED-FY2018Q4", "name": "MER R: Facility Based FY2018Q4"}, {"description": "", "codelist_type": "Results", "periods": ["FY18"], "full_name": "MER Results: Facility Based - DoD ONLY FY2018Q4", "dataset_id": "BxIx51zpAjh", "id": "MER-R-FACILITY-BASED-DOD-ONLY-FY2018Q4", "name": "MER R: Facility Based - DoD ONLY FY2018Q4"}, {"description": "", "codelist_type": "Results", "periods": ["FY18"], "full_name": "MER Results: Operating Unit Level (IM) FY2018Q4", "dataset_id": "mByGopCrDvL", "id": "MER-R-OPERATING-UNIT-LEVEL-IM-FY2018Q4", "name": "MER R: Operating Unit Level (IM) FY2018Q4"}, {"description": "", "codelist_type": "Results", "periods": ["FY18"], "full_name": "MER Results: Narratives (IM) FY2018Q4", "dataset_id": "XZfmcxHV4ie", "id": "MER-R-NARRATIVES-IM-FY2018Q4", "name": "MER R: Narratives (IM) FY2018Q4"}, {"description": "", "codelist_type": "Results", "periods": ["FY18"], "full_name": "Host Country Results: Narratives (USG) FY2018Q4", "dataset_id": "jcS5GPoHDE0", "id": "HC-R-NARRATIVES-USG-FY2018Q4", "name": "HC R: Narratives (USG) FY2018Q4"}, {"description": "", "codelist_type": "Results", "periods": ["FY18"], "full_name": "Host Country Results: Operating Unit Level (USG) FY2018Q4", "dataset_id": "USbxEt75liS", "id": "HC-R-OPERATING-UNIT-LEVEL-USG-FY2018Q4", "name": "HC R: Operating Unit Level (USG) FY2018Q4"}, {"description": "", "codelist_type": "Results", "periods": ["FY18"], "full_name": "Host Country Results: COP Prioritization SNU (USG) FY2018Q4", "dataset_id": "a4FRJ2P4cLf", "id": "HC-R-COP-PRIORITIZATION-SNU-USG-FY2018Q4", "name": "HC R: COP Prioritization SNU (USG) FY2018Q4"}, {"description": "", "codelist_type": "Target", "periods": ["FY18"], "full_name": "MER Targets: Community Based FY2019", "dataset_id": "l796jk9SW7q", "id": "MER-T-COMMUNITY-BASED-FY2019", "name": "MER T: Community Based FY2019"}, {"description": "", "codelist_type": "Target", "periods": ["FY18"], "full_name": "MER Targets: Community Based - DoD ONLY FY2019", "dataset_id": "BWBS39fydnX", "id": "MER-T-COMMUNITY-BASED-DOD-ONLY-FY2019", "name": "MER T: Community Based - DoD ONLY FY2019"}, {"description": "", "codelist_type": "Target", "periods": ["FY18"], "full_name": "MER Targets: Facility Based FY2019", "dataset_id": "eyI0UOWJnDk", "id": "MER-T-FACILITY-BASED-FY2019", "name": "MER T: Facility Based FY2019"}, {"description": "", "codelist_type": "Target", "periods": ["FY18"], "full_name": "MER Targets: Facility Based - DoD ONLY FY2019", "dataset_id": "X8sn5HE5inC", "id": "MER-T-FACILITY-BASED-DOD-ONLY-FY2019", "name": "MER T: Facility Based - DoD ONLY FY2019"}, {"description": "", "codelist_type": "Target", "periods": ["FY18"], "full_name": "MER Targets: Narratives (IM) FY2019", "dataset_id": "TdLjizPNezI", "id": "MER-T-NARRATIVES-IM-FY2019", "name": "MER T: Narratives (IM) FY2019"}, {"description": "", "codelist_type": "Target", "periods": ["FY18"], "full_name": "Host Country Targets: Narratives (USG) FY2019", "dataset_id": "I8v9shsCZDS", "id": "HC-T-NARRATIVES-USG-FY2019", "name": "HC T: Narratives (USG) FY2019"}, {"description": "", "codelist_type": "Target", "periods": ["FY18"], "full_name": "Host Country Targets: Operating Unit Level (USG) FY2019", "dataset_id": "lXQGzSqmreb", "id": "HC-T-OPERATING-UNIT-LEVEL-USG-FY2019", "name": "HC T: Operating Unit Level (USG) FY2019"}, {"description": "", "codelist_type": "Target", "periods": ["FY18"], "full_name": "Host Country Targets: COP Prioritization SNU (USG) FY2019", "dataset_id": "Ncq22MRC6gd", "id": "HC-T-COP-PRIORITIZATION-SNU-USG-FY2019", "name": "HC T: COP Prioritization SNU (USG) FY2019"}, {"description": "", "codelist_type": "Target", "periods": ["FY18"], "full_name": "MER Targets: Facility Based FY2018", "dataset_id": "AitXBHsC7RA", "id": "MER-T-FACILITY-BASED-FY2018", "name": "MER T: Facility Based FY2018"}, {"description": "", "codelist_type": "Target", "periods": ["FY18"], "full_name": "MER Targets: Community Based FY2018", "dataset_id": "BuRoS9i851o", "id": "MER-T-COMMUNITY-BASED-FY2018", "name": "MER T: Community Based FY2018"}, {"description": "", "codelist_type": "Target", "periods": ["FY18"], "full_name": "MER Targets: Facility Based - DoD ONLY FY2018", "dataset_id": "jEzgpBt5Icf", "id": "MER-T-FACILITY-BASED-DOD-ONLY-FY2018", "name": "MER T: Facility Based - DoD ONLY FY2018"}, {"description": "", "codelist_type": "Target", "periods": ["FY18"], "full_name": "MER Targets: Community Based - DoD ONLY FY2018", "dataset_id": "ePndtmDbOJj", "id": "MER-T-COMMUNITY-BASED-DOD-ONLY-FY2018", "name": "MER T: Community Based - DoD ONLY FY2018"}, {"description": "", "codelist_type": "Target", "periods": ["FY18"], "full_name": "MER Targets: Narratives (IM) FY2018", "dataset_id": "AvmGbcurn4K", "id": "MER-T-NARRATIVES-IM-FY2018", "name": "MER T: Narratives (IM) FY2018"}, {"description": "", "codelist_type": "Target", "periods": ["FY18"], "full_name": "Host Country Targets: COP Prioritization SNU (USG) FY2018", "dataset_id": "O8hSwgCbepv", "id": "HC-T-COP-PRIORITIZATION-SNU-USG-FY2018", "name": "HC T: COP Prioritization SNU (USG) FY2018"}, {"description": "", "codelist_type": "Target", "periods": ["FY18"], "full_name": "MER Targets: Operating Unit Level (IM) FY2018", "dataset_id": "bqiB5G6qgzn", "id": "MER-T-OPERATING-UNIT-LEVEL-IM-FY2018", "name": "MER T: Operating Unit Level (IM) FY2018"}, {"description": "", "codelist_type": "Target", "periods": ["FY18"], "full_name": "Host Country Targets: Operating Unit Level (USG) FY2018", "dataset_id": "YWZrOj5KS1c", "id": "HC-T-OPERATING-UNIT-LEVEL-USG-FY2018", "name": "HC T: Operating Unit Level (USG) FY2018"}, {"description": "", "codelist_type": "Target", "periods": ["FY18"], "full_name": "Planning Attributes: COP Prioritization National", "dataset_id": "c7Gwzm5w9DE", "id": "PLANNING-ATTRIBUTES-COP-PRIORITIZATION-NATIONAL", "name": "Planning Attributes: COP Prioritization National"}, {"description": "", "codelist_type": "Target", "periods": ["FY18"], "full_name": "Planning Attributes: COP Prioritization SNU FY2020", "dataset_id": "pTuDWXzkAkJ", "id": "PLANNING-ATTRIBUTES-COP-PRIORITIZATION-SNU-FY2020", "name": "Planning Attributes: COP Prioritization SNU FY2020"}, {"description": "", "codelist_type": "Results", "periods": ["FY17"], "full_name": "MER Results: Facility Based FY2017Q4", "dataset_id": "uTvHPA1zqzi", "id": "MER-R-FACILITY-BASED-FY2017Q4", "name": "MER R: Facility Based FY2017Q4"}, {"description": "", "codelist_type": "Results", "periods": ["FY17"], "full_name": "MER Results: Community Based FY2017Q4", "dataset_id": "O3VMNi8EZSV", "id": "MER-R-COMMUNITY-BASED-FY2017Q4", "name": "MER R: Community Based FY2017Q4"}, {"description": "", "codelist_type": "Results", "periods": ["FY17"], "full_name": "MER Results: Facility Based - DoD ONLY FY2017Q4", "dataset_id": "asptuHohmHt", "id": "MER-R-FACILITY-BASED-DOD-ONLY-FY2017Q4", "name": "MER R: Facility Based - DoD ONLY FY2017Q4"}, {"description": "", "codelist_type": "Results", "periods": ["FY17"], "full_name": "MER Results: Community Based - DoD ONLY FY2017Q4", "dataset_id": "Ir58H3zBKEC", "id": "MER-R-COMMUNITY-BASED-DOD-ONLY-FY2017Q4", "name": "MER R: Community Based - DoD ONLY FY2017Q4"}, {"description": "", "codelist_type": "Results", "periods": ["FY17"], "full_name": "MER Results: Medical Store FY2017Q4", "dataset_id": "kuV7OezWYUj", "id": "MER-R-MEDICAL-STORE-FY2017Q4", "name": "MER R: Medical Store FY2017Q4"}, {"description": "", "codelist_type": "Results", "periods": ["FY17"], "full_name": "MER Results: Narratives (IM) FY2017Q4", "dataset_id": "f78MvV1k0rA", "id": "MER-R-NARRATIVES-IM-FY2017Q4", "name": "MER R: Narratives (IM) FY2017Q4"}, {"description": "", "codelist_type": "Results", "periods": ["FY17"], "full_name": "MER Results: Operating Unit Level (IM) FY2017Q4", "dataset_id": "jTRF4LdklYA", "id": "MER-R-OPERATING-UNIT-LEVEL-IM-FY2017Q4", "name": "MER R: Operating Unit Level (IM) FY2017Q4"}, {"description": "", "codelist_type": "Results", "periods": ["FY17"], "full_name": "Host Country Results: Narratives (USG) FY2017Q4", "dataset_id": "bQTvQq3pDEK", "id": "HC-R-NARRATIVES-USG-FY2017Q4", "name": "HC R: Narratives (USG) FY2017Q4"}, {"description": "", "codelist_type": "Results", "periods": ["FY17"], "full_name": "Host Country Results: Operating Unit Level (USG) FY2017Q4", "dataset_id": "tFBgL95CRtN", "id": "HC-R-OPERATING-UNIT-LEVEL-USG-FY2017Q4", "name": "HC R: Operating Unit Level (USG) FY2017Q4"}, {"description": "", "codelist_type": "Results", "periods": ["FY17"], "full_name": "Host Country Results: COP Prioritization SNU (USG) FY2017Q4", "dataset_id": "zNMzQjXhX7w", "id": "HC-R-COP-PRIORITIZATION-SNU-USG-FY2017Q4", "name": "HC R: COP Prioritization SNU (USG) FY2017Q4"}, {"description": "", "codelist_type": "Results", "periods": ["FY17"], "full_name": "MER Results: Facility Based FY2017Q3", "dataset_id": "kkXf2zXqTM0", "id": "MER-R-FACILITY-BASED-FY2017Q3", "name": "MER R: Facility Based FY2017Q3"}, {"description": "", "codelist_type": "Results", "periods": ["FY17"], "full_name": "MER Results: Community Based FY2017Q3", "dataset_id": "MqNLEXmzIzr", "id": "MER-R-COMMUNITY-BASED-FY2017Q3", "name": "MER R: Community Based FY2017Q3"}, {"description": "", "codelist_type": "Results", "periods": ["FY17"], "full_name": "MER Results: Facility Based - DoD ONLY FY2017Q3", "dataset_id": "K7FMzevlBAp", "id": "MER-R-FACILITY-BASED-DOD-ONLY-FY2017Q3", "name": "MER R: Facility Based - DoD ONLY FY2017Q3"}, {"description": "", "codelist_type": "Results", "periods": ["FY17"], "full_name": "MER Results: Community Based - DoD ONLY FY2017Q3", "dataset_id": "UZ2PLqSe5Ri", "id": "MER-R-COMMUNITY-BASED-DOD-ONLY-FY2017Q3", "name": "MER R: Community Based - DoD ONLY FY2017Q3"}, {"description": "", "codelist_type": "Results", "periods": ["FY17"], "full_name": "MER Results: Medical Store FY2017Q3", "dataset_id": "CGoi5wjLHDy", "id": "MER-R-MEDICAL-STORE-FY2017Q3", "name": "MER R: Medical Store FY2017Q3"}, {"description": "", "codelist_type": "Results", "periods": ["FY17"], "full_name": "MER Results: Operating Unit Level (IM) FY2017Q3", "dataset_id": "LWE9GdlygD5", "id": "MER-R-OPERATING-UNIT-LEVEL-IM-FY2017Q3", "name": "MER R: Operating Unit Level (IM) FY2017Q3"}, {"description": "", "codelist_type": "Results", "periods": ["FY17"], "full_name": "MER Results: Narratives (IM) FY2017Q3", "dataset_id": "tG2hjDIaYQD", "id": "MER-R-NARRATIVES-IM-FY2017Q3", "name": "MER R: Narratives (IM) FY2017Q3"}, {"description": "", "codelist_type": "Results", "periods": ["FY17"], "full_name": "Host Country Results: Narratives (USG) FY2017Q3", "dataset_id": "Kxfk0KVsxDn", "id": "HC-R-NARRATIVES-USG-FY2017Q3", "name": "HC R: Narratives (USG) FY2017Q3"}, {"description": "", "codelist_type": "Results", "periods": ["FY17"], "full_name": "Host Country Results: Operating Unit Level (USG) FY2017Q3", "dataset_id": "PkmLpkrPdQG", "id": "HC-R-OPERATING-UNIT-LEVEL-USG-FY2017Q3", "name": "HC R: Operating Unit Level (USG) FY2017Q3"}, {"description": "", "codelist_type": "Results", "periods": ["FY17"], "full_name": "Host Country Results: COP Prioritization SNU (USG) FY2017Q3", "dataset_id": "zeUCqFKIBDD", "id": "HC-R-COP-PRIORITIZATION-SNU-USG-FY2017Q3", "name": "HC R: COP Prioritization SNU (USG) FY2017Q3"}, {"description": "", "codelist_type": "Results", "periods": ["FY17"], "full_name": "MER Results: Facility Based FY2017Q1", "dataset_id": "hgOW2BSUDaN", "id": "MER-R-FACILITY-BASED-FY2017Q1", "name": "MER R: Facility Based FY2017Q1"}, {"description": "", "codelist_type": "Results", "periods": ["FY17"], "full_name": "MER Results: Community Based FY2017Q1", "dataset_id": "Awq346fnVLV", "id": "MER-R-COMMUNITY-BASED-FY2017Q1", "name": "MER R: Community Based FY2017Q1"}, {"description": "", "codelist_type": "Results", "periods": ["FY17"], "full_name": "MER Results: Facility Based - DoD ONLY FY2017Q1", "dataset_id": "CS958XpDaUf", "id": "MER-R-FACILITY-BASED-DOD-ONLY-FY2017Q1", "name": "MER R: Facility Based - DoD ONLY FY2017Q1"}, {"description": "", "codelist_type": "Results", "periods": ["FY17"], "full_name": "MER Results: Community Based - DoD ONLY FY2017Q1", "dataset_id": "ovmC3HNi4LN", "id": "MER-R-COMMUNITY-BASED-DOD-ONLY-FY2017Q1", "name": "MER R: Community Based - DoD ONLY FY2017Q1"}, {"description": "", "codelist_type": "Results", "periods": ["FY17"], "full_name": "MER Results: Narratives (IM) FY2017Q1", "dataset_id": "zTgQ3MvHYtk", "id": "MER-R-NARRATIVES-IM-FY2017Q1", "name": "MER R: Narratives (IM) FY2017Q1"}, {"description": "", "codelist_type": "Results", "periods": ["FY17"], "full_name": "MER Results: Operating Unit Level (IM) FY2017Q1", "dataset_id": "KwkuZhKulqs", "id": "MER-R-OPERATING-UNIT-LEVEL-IM-FY2017Q1", "name": "MER R: Operating Unit Level (IM) FY2017Q1"}, {"description": "", "codelist_type": "Results", "periods": ["FY17"], "full_name": "Host Country Results: Narratives (USG) FY2017Q1", "dataset_id": "eAlxMKMZ9GV", "id": "HC-R-NARRATIVES-USG-FY2017Q1", "name": "HC R: Narratives (USG) FY2017Q1"}, {"description": "", "codelist_type": "Target", "periods": ["FY17"], "full_name": "MER Targets: Facility Based FY2017", "dataset_id": "qRvKHvlzNdv", "id": "MER-T-FACILITY-BASED-FY2017", "name": "MER T: Facility Based FY2017"}, {"description": "", "codelist_type": "Target", "periods": ["FY17"], "full_name": "MER Targets: Community Based FY2017", "dataset_id": "tCIW2VFd8uu", "id": "MER-T-COMMUNITY-BASED-FY2017", "name": "MER T: Community Based FY2017"}, {"description": "", "codelist_type": "Target", "periods": ["FY17"], "full_name": "MER Targets: Facility Based - DoD ONLY FY2017", "dataset_id": "JXKUYJqmyDd", "id": "MER-T-FACILITY-BASED-DOD-ONLY-FY2017", "name": "MER T: Facility Based - DoD ONLY FY2017"}, {"description": "DoD only version of community form so that location of collection remains unknown.", "codelist_type": "Target", "periods": ["FY17"], "full_name": "MER Targets: Community Based - DoD ONLY FY2017", "dataset_id": "lbwuIo56YoG", "id": "MER-T-COMMUNITY-BASED-DOD-ONLY-FY2017", "name": "MER T: Community Based - DoD ONLY FY2017"}, {"description": "", "codelist_type": "Target", "periods": ["FY17"], "full_name": "MER Targets: Narratives (IM) FY2017", "dataset_id": "AyFVOGbAvcH", "id": "MER-T-NARRATIVES-IM-FY2017", "name": "MER T: Narratives (IM) FY2017"}, {"description": "MER Targets Narratives entered by USG persons that summarize the partner narratives.", "codelist_type": "Target", "periods": ["FY17"], "full_name": "Host Country Targets: Narratives (USG) FY2017", "dataset_id": "oYO9GvA05LE", "id": "HC-T-NARRATIVES-USG-FY2017", "name": "HC T: Narratives (USG) FY2017"}, {"description": "", "codelist_type": "Target", "periods": ["FY17"], "full_name": "MER Targets: Operating Unit Level (IM) FY2017", "dataset_id": "xxo1G5V1JG2", "id": "MER-T-OPERATING-UNIT-LEVEL-IM-FY2017", "name": "MER T: Operating Unit Level (IM) FY2017"}, {"description": "", "codelist_type": "Target", "periods": ["FY17"], "full_name": "Host Country Targets: Operating Unit Level (USG) FY2017", "dataset_id": "Dd5c9117ukD", "id": "HC-T-OPERATING-UNIT-LEVEL-USG-FY2017", "name": "HC T: Operating Unit Level (USG) FY2017"}, {"description": "", "codelist_type": "Target", "periods": ["FY17"], "full_name": "Host Country Targets: COP Prioritization SNU (USG) FY2017", "dataset_id": "rK7VicBNzze", "id": "HC-T-COP-PRIORITIZATION-SNU-USG-FY2017", "name": "HC T: COP Prioritization SNU (USG) FY2017"}, {"description": "", "codelist_type": "Target", "periods": ["FY16"], "full_name": "MER Targets: Facility Based FY2016", "dataset_id": "rDAUgkkexU1", "id": "MER-TARGETS-SITE-FY15", "name": "MER T: Facility Based FY2016"}, {"description": "", "codelist_type": "Target", "periods": ["FY16"], "full_name": "MER Targets: Community Based FY2016", "dataset_id": "xJ06pxmxfU6", "id": "MER-TARGETS-SUBNAT-FY15", "name": "MER T: Community Based FY2016"}, {"description": "", "codelist_type": "Target", "periods": ["FY16"], "full_name": "MER Targets: Facility Based - DoD ONLY FY2016", "dataset_id": "IOarm0ctDVL", "id": "MER-TARGETS-SITE-FY15-DOD", "name": "MER T: Facility Based - DoD ONLY FY2016"}, {"description": "DoD only version of community form so that location of collection remains unknown.", "codelist_type": "Target", "periods": ["FY16"], "full_name": "MER Targets: Community Based - DoD ONLY FY2016", "dataset_id": "LBSk271pP7J", "id": "MER-TARGETS-SUBNAT-FY15-DOD", "name": "MER T: Community Based - DoD ONLY FY2016"}, {"description": "", "codelist_type": "Target", "periods": ["FY16"], "full_name": "MER Targets: Narratives (IM) FY2016", "dataset_id": "VjGqATduoEX", "id": "MER-TARGETS-NARRTIVES-IM-FY2016", "name": "MER T: Narratives (IM) FY2016"}, {"description": "", "codelist_type": "Target", "periods": ["FY16"], "full_name": "MER Targets: Operating Unit Level (IM) FY2016", "dataset_id": "PHyD22loBQH", "id": "MER-TARGETS-OU-IM-FY15", "name": "MER T: Operating Unit Level (IM) FY2016"}, {"description": "MER Targets Narratives entered by USG persons that summarize the partner narratives.", "codelist_type": "Target", "periods": ["FY16"], "full_name": "Host Country Targets: Narratives (USG) FY2016", "dataset_id": "TgcTZETxKlb", "id": "HC-T-NARRATIVES-USG-FY2016", "name": "HC T: Narratives (USG) FY2016"}, {"description": "", "codelist_type": "Target", "periods": ["FY16"], "full_name": "Host Country Targets: Operating Unit Level (USG) FY2016", "dataset_id": "GEhzw3dEw05", "id": "HC-T-OPERATING-UNIT-LEVEL-USG-FY2016", "name": "HC T: Operating Unit Level (USG) FY2016"}, {"description": "", "codelist_type": "Results", "periods": ["FY16"], "full_name": "MER Results: Facility Based FY2016Q4", "dataset_id": "ZaV4VSLstg7", "id": "MER-R-FACILITY-BASED-FY2016Q4", "name": "MER R: Facility Based FY2016Q4"}, {"description": "", "codelist_type": "Results", "periods": ["FY16"], "full_name": "MER Results: Community Based FY2016Q4", "dataset_id": "sCar694kKxH", "id": "MER-R-COMMUNITY-BASED-FY2016Q4", "name": "MER R: Community Based FY2016Q4"}, {"description": "", "codelist_type": "Results", "periods": ["FY16"], "full_name": "MER Results: Facility Based - DoD ONLY FY2016Q4", "dataset_id": "vvHCWnhULAf", "id": "MER-R-FACILITY-BASED-DOD-ONLY-FY2016Q4", "name": "MER R: Facility Based - DoD ONLY FY2016Q4"}, {"description": "", "codelist_type": "Results", "periods": ["FY16"], "full_name": "MER Results: Community Based - DoD ONLY FY2016Q4", "dataset_id": "j9bKklpTDBZ", "id": "MER-R-COMMUNITY-BASED-DOD-ONLY-FY2016Q4", "name": "MER R: Community Based - DoD ONLY FY2016Q4"}, {"description": "", "codelist_type": "Results", "periods": ["FY16"], "full_name": "MER Results: Medical Store FY2016Q4", "dataset_id": "gZ1FgiGUlSj", "id": "MER-R-MEDICAL-STORE-FY2016Q4", "name": "MER R: Medical Store FY2016Q4"}, {"description": "", "codelist_type": "Results", "periods": ["FY16"], "full_name": "MER Results: Narratives (IM) FY2016Q4", "dataset_id": "xBRAscSmemV", "id": "MER-R-NARRATIVES-IM-FY2016Q4", "name": "MER R: Narratives (IM) FY2016Q4"}, {"description": "", "codelist_type": "Results", "periods": ["FY16"], "full_name": "MER Results: Operating Unit Level (IM) FY2016Q4", "dataset_id": "VWdBdkfYntI", "id": "MER-R-OPERATING-UNIT-LEVEL-IM-FY2016Q4", "name": "MER R: Operating Unit Level (IM) FY2016Q4"}, {"description": "", "codelist_type": "Results", "periods": ["FY16"], "full_name": "Host Country Results: Narratives (USG) FY2016Q4", "dataset_id": "vZaDfrR6nmF", "id": "HC-R-NARRATIVES-USG-FY2016Q4", "name": "HC R: Narratives (USG) FY2016Q4"}, {"description": "", "codelist_type": "Results", "periods": ["FY16"], "full_name": "MER Results: Facility Based FY2016Q3", "dataset_id": "i29foJcLY9Y", "id": "MER-RESULTS-SITE-FY15", "name": "MER R: Facility Based FY2016Q3"}, {"description": "", "codelist_type": "Results", "periods": ["FY16"], "full_name": "MER Results: Community Based FY2016Q3", "dataset_id": "STL4izfLznL", "id": "MER-RESULTS-SUBNAT-FY15", "name": "MER R: Community Based FY2016Q3"}, {"description": "", "codelist_type": "Results", "periods": ["FY16"], "full_name": "MER Results: Facility Based - DoD ONLY FY2016Q3", "dataset_id": "j1i6JjOpxEq", "id": "MER-RESULTS-SITE-FY15-DOD", "name": "MER R: Facility Based - DoD ONLY FY2016Q3"}, {"description": "DoD only version of community form so that location of collection remains unknown.", "codelist_type": "Results", "periods": ["FY16"], "full_name": "MER Results: Community Based - DoD ONLY FY2016Q3", "dataset_id": "asHh1YkxBU5", "id": "MER-RESULTS-SUBNAT-FY15-DOD", "name": "MER R: Community Based - DoD ONLY FY2016Q3"}, {"description": "", "codelist_type": "Results", "periods": ["FY16"], "full_name": "MER Results: Medical Store FY2016Q3", "dataset_id": "hIm0HGCKiPv", "id": "MER-R-MEDICAL-STORE-FY2016Q3", "name": "MER R: Medical Store FY2016Q3"}, {"description": "", "codelist_type": "Results", "periods": ["FY16"], "full_name": "MER Results: Narratives (IM) FY2016Q3", "dataset_id": "NJlAVhe4zjv", "id": "MER-R-NARRATIVES-IM-FY2016Q3", "name": "MER R: Narratives (IM) FY2016Q3"}, {"description": "", "codelist_type": "Results", "periods": ["FY16"], "full_name": "MER Results: Operating Unit Level (IM) FY2016Q3", "dataset_id": "ovYEbELCknv", "id": "MER-RESULTS-OU-IM-FY15", "name": "MER R: Operating Unit Level (IM) FY2016Q3"}, {"description": "MER Results Narratives entered by USG persons to summarize across partners.", "codelist_type": "Results", "periods": ["FY16"], "full_name": "Host Country Results: Narratives (USG) FY2016Q3", "dataset_id": "f6NLvRGixJV", "id": "HC-R-NARRATIVES-USG-FY2016Q3", "name": "HC R: Narratives (USG) FY2016Q3"}, {"description": "", "codelist_type": "Results", "periods": ["FY16"], "full_name": "Host Country Results: Operating Unit Level (USG) FY2016Q3", "dataset_id": "lD9O8vQgH8R", "id": "HC-R-OPERATING-UNIT-LEVEL-USG-FY2016Q3", "name": "HC R: Operating Unit Level (USG) FY2016Q3"}]
